{
  "data": [
    {
      "name": "!missing data"
    },
    {
      "id": 1,
      "name": "!null data",
      "countryId": null,
      "countryCode": null,
      "company": null,
      "date": null,
      "status": null,
      "activity": null,
      "representativeName": null,
      "representativeImage": null,
      "client": null,
      "clientMulti": null,
      "currency": null,
      "boolean": null
    },
    {
      "id": 2,
      "name": "Abel Maclead",
      "countryId": 55,
      "countryCode": "sg",
      "company": "Rangoni Of Florence",
      "date": "2017-03-11",
      "status": [2],
      "activity": 87,
      "representativeName": "Bernardo Dominic",
      "representativeImage": "bernardodominic.png"
    },
    {
      "id": 1011,
      "name": "Abel Maclead",
      "countryId": 55,
      "countryCode": "sg",
      "company": "Rangoni Of Florence",
      "date": "2017-03-11",
      "status": [2],
      "activity": 87,
      "representativeName": "Bernardo Dominic",
      "representativeImage": "bernardodominic.png"
    },
    {
      "id": 1033,
      "name": "Albina Glick",
      "countryId": 66,
      "countryCode": "ua",
      "company": "Giampetro, Anthony D",
      "date": "2019-08-08",
      "status": [1],
      "activity": 85,
      "representativeName": "Bernardo Dominic",
      "representativeImage": "bernardodominic.png",
      "client": {
        "Key": 2,
        "Value": "Client Name2"
      },
      "clientMulti": [
        {
          "Key": 1,
          "Value": "Client Name"
        },
        {
          "Key": 2,
          "Value": "Client Name2"
        }
      ],
      "currency": 12345.67,
      "boolean": true
    },
    {
      "id": 1100,
      "name": "Alease Buemi",
      "countryId": 13,
      "countryCode": "cr",
      "company": "Porto Cayo At Hawks Cay",
      "date": "2018-03-14",
      "status": [0],
      "activity": 0,
      "representativeName": "Onyama Limba",
      "representativeImage": "onyamalimba.png",
      "clientMulti": [
        {
          "Key": 1,
          "Value": "Clickable",
          "Url": "https://unanet.com/"
        },
        {
          "Key": 2,
          "Value": "Not Clickable"
        },
        {
          "Key": 3,
          "Value": "Unanet CRM",
          "Url": "https://unanet.com/crm-aec"
        }
      ],
      "currency": 0,
      "boolean": false
    },
    {
      "id": 1024,
      "name": "Alisha Slusarski",
      "countryId": 28,
      "countryCode": "is",
      "company": "Wtlz Power 107 Fm",
      "date": "2018-03-27",
      "status": [2],
      "activity": 7,
      "representativeName": "Stephen Shaw",
      "representativeImage": "stephenshaw.png",
      "client": "Wrong format (not an array)",
      "clientMulti": "Wrong format (not an array)"
    },
    {
      "id": 1034,
      "name": "Alishia Sergi",
      "countryId": 50,
      "countryCode": "qa",
      "company": "Milford Enterprises Inc",
      "date": "2018-05-19",
      "status": [5],
      "activity": 46,
      "representativeName": "Ivan Magalhaes",
      "representativeImage": "ivanmagalhaes.png"
    },
    {
      "id": 1025,
      "name": "Allene Iturbide",
      "countryId": 32,
      "countryCode": "it",
      "company": "Ledecky, David Esq",
      "date": "2016-02-20",
      "status": [2],
      "activity": 1,
      "representativeName": "Ivan Magalhaes",
      "representativeImage": "ivanmagalhaes.png"
    },
    {
      "id": 1056,
      "name": "Amber Monarrez",
      "countryId": 60,
      "countryCode": "se",
      "company": "Branford Wire & Mfg Co",
      "date": "2019-09-09",
      "status": [3],
      "activity": 79,
      "representativeName": "Bernardo Dominic",
      "representativeImage": "bernardodominic.png"
    },
    {
      "id": 1030,
      "name": "Ammie Corrio",
      "countryId": 27,
      "countryCode": "hu",
      "company": "Moskowitz, Barry S",
      "date": "2016-06-11",
      "status": [5],
      "activity": 56,
      "representativeName": "Asiya Javayant",
      "representativeImage": "asiyajavayant.png"
    },
    {
      "id": 1195,
      "name": "Andra Scheyer",
      "countryId": 51,
      "countryCode": "ro",
      "company": "Ludcke, George O Esq",
      "date": "2016-08-14",
      "status": [2],
      "activity": 62,
      "representativeName": "Elwin Sharvill",
      "representativeImage": "elwinsharvill.png"
    },
    {
      "id": 1102,
      "name": "Angella Cetta",
      "countryId": 71,
      "countryCode": "vn",
      "company": "Bender & Hatley Pc",
      "date": "2018-04-10",
      "status": [2],
      "activity": 88,
      "representativeName": "Ivan Magalhaes",
      "representativeImage": "ivanmagalhaes.png"
    },
    {
      "id": 1177,
      "name": "Annabelle Boord",
      "countryId": 25,
      "countryCode": "gt",
      "company": "Corn Popper",
      "date": "2020-09-16",
      "status": [1],
      "activity": 76,
      "representativeName": "Anna Fali",
      "representativeImage": "annafali.png"
    },
    {
      "id": 1099,
      "name": "Arlene Klusman",
      "countryId": 34,
      "countryCode": "jm",
      "company": "Beck Horizon Builders",
      "date": "2018-05-14",
      "status": [1],
      "activity": 99,
      "representativeName": "Elwin Sharvill",
      "representativeImage": "elwinsharvill.png"
    },
    {
      "id": 1082,
      "name": "Arlette Honeywell",
      "countryId": 44,
      "countryCode": "pa",
      "company": "Smc Inc",
      "date": "2018-09-11",
      "status": [1],
      "activity": 46,
      "representativeName": "Amy Elsner",
      "representativeImage": "amyelsner.png"
    },
    {
      "id": 1154,
      "name": "Arminda Parvis",
      "countryId": 29,
      "countryCode": "id",
      "company": "Newtec Inc",
      "date": "2020-02-09",
      "status": [1],
      "activity": 77,
      "representativeName": "Elwin Sharvill",
      "representativeImage": "elwinsharvill.png"
    },
    {
      "id": 1002,
      "name": "Art Venere",
      "countryId": 44,
      "countryCode": "pa",
      "company": "Chemel, James L Cpa",
      "date": "2017-05-13",
      "status": [2],
      "activity": 63,
      "representativeName": "Asiya Javayant",
      "representativeImage": "asiyajavayantksjfkjskdfjskdjfaklsdjfaklsdjfklasdjflkjasdlkfjsff.png",
      "client": "Client Name"
    },
    {
      "id": 1143,
      "name": "Audra Kohnert",
      "countryId": 41,
      "countryCode": "nl",
      "company": "Nelson, Karolyn King Esq",
      "date": "2019-07-16",
      "status": [0],
      "activity": 82,
      "representativeName": "Bernardo Dominic",
      "representativeImage": "bernardodominic.png"
    },
    {
      "id": 1135,
      "name": "Beatriz Corrington",
      "countryId": 58,
      "countryCode": "za",
      "company": "Prohab Rehabilitation Servs",
      "date": "2020-01-04",
      "status": [4],
      "activity": 55,
      "representativeName": "Stephen Shaw",
      "representativeImage": "stephenshaw.png"
    },
    {
      "id": 1134,
      "name": "Becky Mirafuentes",
      "countryId": 54,
      "countryCode": "rs",
      "company": "Wells Kravitz Schnitzer",
      "date": "2018-04-13",
      "status": [0],
      "activity": 62,
      "representativeName": "Elwin Sharvill",
      "representativeImage": "elwinsharvill.png"
    },
    {
      "id": 1197,
      "name": "Belen Strassner",
      "countryId": 33,
      "countryCode": "ci",
      "company": "Eagle Software Inc",
      "date": "2015-12-14",
      "status": [2],
      "activity": 91,
      "representativeName": "Xuxue Feng",
      "representativeImage": "xuxuefeng.png"
    },
    {
      "id": 1184,
      "name": "Benton Skursky",
      "countryId": 28,
      "countryCode": "is",
      "company": "Nercon Engineering & Mfg Inc",
      "date": "2015-02-19",
      "status": [1],
      "activity": 9,
      "representativeName": "Asiya Javayant",
      "representativeImage": "asiyajavayant.png"
    },
    {
      "id": 1029,
      "name": "Bernardo Figeroa",
      "countryId": 31,
      "countryCode": "il",
      "company": "Clark, Richard Cpa",
      "date": "2018-04-11",
      "status": [4],
      "activity": 81,
      "representativeName": "Ioni Bowcher",
      "representativeImage": "ionibowcher.png"
    },
    {
      "id": 1020,
      "name": "Bette Nicka",
      "countryId": 45,
      "countryCode": "py",
      "company": "Sport En Art",
      "date": "2016-10-21",
      "status": [4],
      "activity": 100,
      "representativeName": "Onyama Limba",
      "representativeImage": "onyamalimba.png"
    },
    {
      "id": 1049,
      "name": "Blair Malet",
      "countryId": 21,
      "countryCode": "fi",
      "company": "Bollinger Mach Shp & Shipyard",
      "date": "2018-04-19",
      "status": [3],
      "activity": 92,
      "representativeName": "Asiya Javayant",
      "representativeImage": "asiyajavayant.png"
    },
    {
      "id": 1060,
      "name": "Blondell Pugh",
      "countryId": 30,
      "countryCode": "ie",
      "company": "Alpenlite Inc",
      "date": "2016-06-16",
      "status": [4],
      "activity": 49,
      "representativeName": "Bernardo Dominic",
      "representativeImage": "bernardodominic.png"
    },
    {
      "id": 1072,
      "name": "Bobbye Rhym",
      "countryId": 66,
      "countryCode": "ua",
      "company": "Smits, Patricia Garity",
      "date": "2018-08-17",
      "status": [2],
      "activity": 85,
      "representativeName": "Xuxue Feng",
      "representativeImage": "xuxuefeng.png"
    },
    {
      "id": 1129,
      "name": "Bok Isaacs",
      "countryId": 10,
      "countryCode": "cl",
      "company": "Nelson Hawaiian Ltd",
      "date": "2016-11-10",
      "status": [1],
      "activity": 41,
      "representativeName": "Asiya Javayant",
      "representativeImage": "asiyajavayant.png"
    },
    {
      "id": 1117,
      "name": "Brandon Callaro",
      "countryId": 51,
      "countryCode": "ro",
      "company": "Jackson Shields Yeiser",
      "date": "2016-07-13",
      "status": [1],
      "activity": 55,
      "representativeName": "Anna Fali",
      "representativeImage": "annafali.png"
    },
    {
      "id": 1050,
      "name": "Brock Bolognia",
      "countryId": 6,
      "countryCode": "bo",
      "company": "Orinda News",
      "date": "2019-09-06",
      "status": [4],
      "activity": 72,
      "representativeName": "Onyama Limba",
      "representativeImage": "onyamalimba.png"
    },
    {
      "id": 1142,
      "name": "Bulah Padilla",
      "countryId": 47,
      "countryCode": "ph",
      "company": "Admiral Party Rentals & Sales",
      "date": "2016-02-10",
      "status": [1],
      "activity": 58,
      "representativeName": "Ioni Bowcher",
      "representativeImage": "ionibowcher.png"
    },
    {
      "id": 1014,
      "name": "Cammy Albares",
      "countryId": 47,
      "countryCode": "ph",
      "company": "Rousseaux, Michael Esq",
      "date": "2019-06-25",
      "status": [3],
      "activity": 90,
      "representativeName": "Asiya Javayant",
      "representativeImage": "asiyajavayant.png"
    },
    {
      "id": 1193,
      "name": "Candida Corbley",
      "countryId": 48,
      "countryCode": "pl",
      "company": "Colts Neck Medical Assocs Inc",
      "date": "2017-12-02",
      "status": [5],
      "activity": 11,
      "representativeName": "Onyama Limba",
      "representativeImage": "onyamalimba.png"
    },
    {
      "id": 1159,
      "name": "Carin Deleo",
      "countryId": 11,
      "countryCode": "cn",
      "company": "Redeker, Debbie",
      "date": "2015-05-28",
      "status": [2],
      "activity": 13,
      "representativeName": "Asiya Javayant",
      "representativeImage": "asiyajavayant.png"
    },
    {
      "id": 1151,
      "name": "Carissa Batman",
      "countryId": 24,
      "countryCode": "gr",
      "company": "Poletto, Kim David Esq",
      "date": "2016-05-05",
      "status": [5],
      "activity": 91,
      "representativeName": "Ivan Magalhaes",
      "representativeImage": "ivanmagalhaes.png"
    },
    {
      "id": 1095,
      "name": "Carma Vanheusen",
      "countryId": 65,
      "countryCode": "tr",
      "company": "Springfield Div Oh Edison Co",
      "date": "2019-11-26",
      "status": [4],
      "activity": 84,
      "representativeName": "Stephen Shaw",
      "representativeImage": "stephenshaw.png"
    },
    {
      "id": 1181,
      "name": "Carmela Cookey",
      "countryId": 22,
      "countryCode": "fr",
      "company": "Royal Pontiac Olds Inc",
      "date": "2018-07-19",
      "status": [1],
      "activity": 24,
      "representativeName": "Xuxue Feng",
      "representativeImage": "xuxuefeng.png"
    },
    {
      "id": 1063,
      "name": "Carmelina Lindall",
      "countryId": 49,
      "countryCode": "pr",
      "company": "George Jessop Carter Jewelers",
      "date": "2019-09-07",
      "status": [2],
      "activity": 77,
      "representativeName": "Asiya Javayant",
      "representativeImage": "asiyajavayant.png"
    },
    {
      "id": 1062,
      "name": "Cecily Hollack",
      "countryId": 6,
      "countryCode": "bo",
      "company": "Arthur A Oliver & Son Inc",
      "date": "2020-05-09",
      "status": [5],
      "activity": 5,
      "representativeName": "Amy Elsner",
      "representativeImage": "amyelsner.png"
    },
    {
      "id": 1105,
      "name": "Celeste Korando",
      "countryId": 13,
      "countryCode": "cr",
      "company": "American Arts & Graphics",
      "date": "2020-06-18",
      "status": [1],
      "activity": 21,
      "representativeName": "Amy Elsner",
      "representativeImage": "amyelsner.png"
    },
    {
      "id": 1026,
      "name": "Chanel Caudy",
      "countryId": 1,
      "countryCode": "ar",
      "company": "Professional Image Inc",
      "date": "2018-06-24",
      "status": [3],
      "activity": 26,
      "representativeName": "Ioni Bowcher",
      "representativeImage": "ionibowcher.png"
    },
    {
      "id": 1160,
      "name": "Chantell Maynerich",
      "countryId": 20,
      "countryCode": "ee",
      "company": "Desert Sands Motel",
      "date": "2016-09-05",
      "status": [0],
      "activity": 75,
      "representativeName": "Ivan Magalhaes",
      "representativeImage": "ivanmagalhaes.png"
    },
    {
      "id": 1147,
      "name": "Chau Kitzman",
      "countryId": 45,
      "countryCode": "py",
      "company": "Benoff, Edward Esq",
      "date": "2019-07-04",
      "status": [3],
      "activity": 9,
      "representativeName": "Onyama Limba",
      "representativeImage": "onyamalimba.png"
    },
    {
      "id": 1149,
      "name": "Cheryl Haroldson",
      "countryId": 22,
      "countryCode": "fr",
      "company": "New York Life John Thune",
      "date": "2018-04-03",
      "status": [3],
      "activity": 55,
      "representativeName": "Elwin Sharvill",
      "representativeImage": "elwinsharvill.png"
    },
    {
      "id": 1183,
      "name": "Claribel Varriano",
      "countryId": 18,
      "countryCode": "ec",
      "company": "Meca",
      "date": "2017-04-14",
      "status": [0],
      "activity": 15,
      "representativeName": "Onyama Limba",
      "representativeImage": "onyamalimba.png"
    },
    {
      "id": 1169,
      "name": "Clay Hoa",
      "countryId": 45,
      "countryCode": "py",
      "company": "Scat Enterprises",
      "date": "2016-02-22",
      "status": [5],
      "activity": 93,
      "representativeName": "Amy Elsner",
      "representativeImage": "amyelsner.png"
    },
    {
      "id": 1091,
      "name": "Cory Gibes",
      "countryId": 38,
      "countryCode": "my",
      "company": "Chinese Translation Resources",
      "date": "2016-02-28",
      "status": [3],
      "activity": 44,
      "representativeName": "Anna Fali",
      "representativeImage": "annafali.png"
    },
    {
      "id": 1103,
      "name": "Cyndy Goldammer",
      "countryId": 7,
      "countryCode": "bf",
      "company": "Di Cristina J & Son",
      "date": "2017-09-18",
      "status": [0],
      "activity": 92,
      "representativeName": "Stephen Shaw",
      "representativeImage": "stephenshaw.png"
    },
    {
      "id": 1092,
      "name": "Danica Bruschke",
      "countryId": 62,
      "countryCode": "tw",
      "company": "Stevens, Charles T",
      "date": "2018-12-13",
      "status": [0],
      "activity": 62,
      "representativeName": "Stephen Shaw",
      "representativeImage": "stephenshaw.png"
    },
    {
      "id": 1144,
      "name": "Daren Weirather",
      "countryId": 31,
      "countryCode": "il",
      "company": "Panasystems",
      "date": "2015-07-23",
      "status": [5],
      "activity": 96,
      "representativeName": "Onyama Limba",
      "representativeImage": "onyamalimba.png"
    },
    {
      "id": 1059,
      "name": "Deeanna Juhas",
      "countryId": 60,
      "countryCode": "se",
      "company": "Healy, George W Iv",
      "date": "2018-09-28",
      "status": [5],
      "activity": 79,
      "representativeName": "Asiya Javayant",
      "representativeImage": "asiyajavayant.png"
    },
    {
      "id": 1077,
      "name": "Delisa Crupi",
      "countryId": 62,
      "countryCode": "tw",
      "company": "Wood & Whitacre Contractors",
      "date": "2017-09-15",
      "status": [0],
      "activity": 70,
      "representativeName": "Xuxue Feng",
      "representativeImage": "xuxuefeng.png"
    },
    {
      "id": 1058,
      "name": "Delmy Ahle",
      "countryId": 5,
      "countryCode": "be",
      "company": "Wye Technologies Inc",
      "date": "2020-10-05",
      "status": [0],
      "activity": 55,
      "representativeName": "Anna Fali",
      "representativeImage": "annafali.png"
    },
    {
      "id": 1123,
      "name": "Devora Perez",
      "countryId": 69,
      "countryCode": "uy",
      "company": "Desco Equipment Corp",
      "date": "2017-10-09",
      "status": [0],
      "activity": 30,
      "representativeName": "Onyama Limba",
      "representativeImage": "onyamalimba.png"
    },
    {
      "id": 1080,
      "name": "Devorah Chickering",
      "countryId": 59,
      "countryCode": "es",
      "company": "Garrison Ind",
      "date": "2017-03-14",
      "status": [1],
      "activity": 96,
      "representativeName": "Asiya Javayant",
      "representativeImage": "asiyajavayant.png"
    },
    {
      "id": 1161,
      "name": "Dierdre Yum",
      "countryId": 16,
      "countryCode": "cz",
      "company": "Cummins Southern Plains Inc",
      "date": "2016-12-20",
      "status": [5],
      "activity": 1,
      "representativeName": "Onyama Limba",
      "representativeImage": "onyamalimba.png"
    },
    {
      "id": 1083,
      "name": "Dominque Dickerson",
      "countryId": 1,
      "countryCode": "ar",
      "company": "E A I Electronic Assocs Inc",
      "date": "2017-11-12",
      "status": [2],
      "activity": 83,
      "representativeName": "Bernardo Dominic",
      "representativeImage": "bernardodominic.png"
    },
    {
      "id": 1004,
      "name": "Donette Foller",
      "countryId": 58,
      "countryCode": "za",
      "company": "Printing Dimensions",
      "date": "2016-05-20",
      "status": [1],
      "activity": 33,
      "representativeName": "Asiya Javayant",
      "representativeImage": "asiyajavayant.png",
      "client": "Client Name"
    },
    {
      "id": 1108,
      "name": "Donte Kines",
      "countryId": 56,
      "countryCode": "sk",
      "company": "W Tc Industries Inc",
      "date": "2019-02-16",
      "status": [3],
      "activity": 35,
      "representativeName": "Onyama Limba",
      "representativeImage": "onyamalimba.png"
    },
    {
      "id": 1165,
      "name": "Dorthy Hidvegi",
      "countryId": 48,
      "countryCode": "pl",
      "company": "Kwik Kopy Printing",
      "date": "2020-08-13",
      "status": [2],
      "activity": 60,
      "representativeName": "Ivan Magalhaes",
      "representativeImage": "ivanmagalhaes.png"
    },
    {
      "id": 1041,
      "name": "Dyan Oldroyd",
      "countryId": 1,
      "countryCode": "ar",
      "company": "International Eyelets Inc",
      "date": "2017-02-02",
      "status": [2],
      "activity": 5,
      "representativeName": "Amy Elsner",
      "representativeImage": "amyelsner.png"
    },
    {
      "id": 1110,
      "name": "Edna Miceli",
      "countryId": 22,
      "countryCode": "fr",
      "company": "Sampler",
      "date": "2017-10-15",
      "status": [4],
      "activity": 54,
      "representativeName": "Asiya Javayant",
      "representativeImage": "asiyajavayant.png"
    },
    {
      "id": 1067,
      "name": "Elly Morocco",
      "countryId": 63,
      "countryCode": "th",
      "company": "Killion Industries",
      "date": "2018-09-18",
      "status": [2],
      "activity": 38,
      "representativeName": "Xuxue Feng",
      "representativeImage": "xuxuefeng.png"
    },
    {
      "id": 1094,
      "name": "Elvera Benimadho",
      "countryId": 38,
      "countryCode": "my",
      "company": "Tree Musketeers",
      "date": "2019-02-17",
      "status": [1],
      "activity": 50,
      "representativeName": "Onyama Limba",
      "representativeImage": "onyamalimba.png"
    },
    {
      "id": 1079,
      "name": "Elza Lipke",
      "countryId": 30,
      "countryCode": "ie",
      "company": "Museum Of Science & Industry",
      "date": "2017-06-01",
      "status": [1],
      "activity": 90,
      "representativeName": "Elwin Sharvill",
      "representativeImage": "elwinsharvill.png"
    },
    {
      "id": 1048,
      "name": "Emerson Bowley",
      "countryId": 21,
      "countryCode": "fi",
      "company": "Knights Inn",
      "date": "2018-11-24",
      "status": [3],
      "activity": 63,
      "representativeName": "Stephen Shaw",
      "representativeImage": "stephenshaw.png"
    },
    {
      "id": 1044,
      "name": "Erick Ferencz",
      "countryId": 5,
      "countryCode": "be",
      "company": "Cindy Turner Associates",
      "date": "2018-05-06",
      "status": [0],
      "activity": 54,
      "representativeName": "Amy Elsner",
      "representativeImage": "amyelsner.png"
    },
    {
      "id": 1032,
      "name": "Ernie Stenseth",
      "countryId": 2,
      "countryCode": "au",
      "company": "Knwz Newsradio",
      "date": "2018-06-06",
      "status": [4],
      "activity": 68,
      "representativeName": "Xuxue Feng",
      "representativeImage": "xuxuefeng.png"
    },
    {
      "id": 1107,
      "name": "Estrella Samu",
      "countryId": 71,
      "countryCode": "vn",
      "company": "Marking Devices Pubg Co",
      "date": "2017-06-25",
      "status": [0],
      "activity": 27,
      "representativeName": "Bernardo Dominic",
      "representativeImage": "bernardodominic.png"
    },
    {
      "id": 1172,
      "name": "Eun Coody",
      "countryId": 62,
      "countryCode": "tw",
      "company": "Ray Carolyne Realty",
      "date": "2018-02-12",
      "status": [2],
      "activity": 61,
      "representativeName": "Ioni Bowcher",
      "representativeImage": "ionibowcher.png"
    },
    {
      "id": 1167,
      "name": "Evangelina Radde",
      "countryId": 33,
      "countryCode": "ci",
      "company": "Campbell, Jan Esq",
      "date": "2020-02-25",
      "status": [0],
      "activity": 93,
      "representativeName": "Anna Fali",
      "representativeImage": "annafali.png"
    },
    {
      "id": 1027,
      "name": "Ezekiel Chui",
      "countryId": 30,
      "countryCode": "ie",
      "company": "Sider, Donald C Esq",
      "date": "2016-09-24",
      "status": [3],
      "activity": 76,
      "representativeName": "Amy Elsner",
      "representativeImage": "amyelsner.png"
    },
    {
      "id": 1166,
      "name": "Fannie Lungren",
      "countryId": 4,
      "countryCode": "by",
      "company": "Centro Inc",
      "date": "2015-07-06",
      "status": [5],
      "activity": 24,
      "representativeName": "Stephen Shaw",
      "representativeImage": "stephenshaw.png"
    },
    {
      "id": 1045,
      "name": "Fatima Saylors",
      "countryId": 9,
      "countryCode": "ca",
      "company": "Stanton, James D Esq",
      "date": "2019-07-10",
      "status": [4],
      "activity": 93,
      "representativeName": "Onyama Limba",
      "representativeImage": "onyamalimba.png"
    },
    {
      "id": 1196,
      "name": "Felicidad Poullion",
      "countryId": 24,
      "countryCode": "gr",
      "company": "Mccorkle, Tom S Esq",
      "date": "2016-03-05",
      "status": [4],
      "activity": 64,
      "representativeName": "Elwin Sharvill",
      "representativeImage": "elwinsharvill.png"
    },
    {
      "id": 1145,
      "name": "Fernanda Jillson",
      "countryId": 39,
      "countryCode": "mx",
      "company": "Shank, Edward L Esq",
      "date": "2017-07-02",
      "status": [0],
      "activity": 92,
      "representativeName": "Xuxue Feng",
      "representativeImage": "xuxuefeng.png"
    },
    {
      "id": 1019,
      "name": "Fletcher Flosi",
      "countryId": 1,
      "countryCode": "ar",
      "company": "Post Box Services Plus",
      "date": "2016-01-04",
      "status": [4],
      "activity": 19,
      "representativeName": "Xuxue Feng",
      "representativeImage": "xuxuefeng.png"
    },
    {
      "id": 1031,
      "name": "Francine Vocelka",
      "countryId": 26,
      "countryCode": "hn",
      "company": "Cascade Realty Advisors Inc",
      "date": "2017-08-02",
      "status": [2],
      "activity": 94,
      "representativeName": "Ioni Bowcher",
      "representativeImage": "ionibowcher.png"
    },
    {
      "id": 1146,
      "name": "Gearldine Gellinger",
      "countryId": 19,
      "countryCode": "eg",
      "company": "Megibow & Edwards",
      "date": "2019-08-17",
      "status": [1],
      "activity": 18,
      "representativeName": "Anna Fali",
      "representativeImage": "annafali.png"
    },
    {
      "id": 1189,
      "name": "Georgene Montezuma",
      "countryId": 53,
      "countryCode": "sn",
      "company": "Payne Blades & Wellborn Pa",
      "date": "2018-10-11",
      "status": [3],
      "activity": 64,
      "representativeName": "Elwin Sharvill",
      "representativeImage": "elwinsharvill.png"
    },
    {
      "id": 1017,
      "name": "Gladys Rim",
      "countryId": 41,
      "countryCode": "nl",
      "company": "T M Byxbee Company Pc",
      "date": "2020-02-27",
      "status": [4],
      "activity": 48,
      "representativeName": "Stephen Shaw",
      "representativeImage": "stephenshaw.png"
    },
    {
      "id": 1115,
      "name": "Glory Kulzer",
      "countryId": 14,
      "countryCode": "hr",
      "company": "Comfort Inn",
      "date": "2017-09-27",
      "status": [0],
      "activity": 36,
      "representativeName": "Onyama Limba",
      "representativeImage": "onyamalimba.png"
    },
    {
      "id": 1198,
      "name": "Gracia Melnyk",
      "countryId": 13,
      "countryCode": "cr",
      "company": "Juvenile & Adult Super",
      "date": "2019-06-01",
      "status": [0],
      "activity": 40,
      "representativeName": "Asiya Javayant",
      "representativeImage": "asiyajavayant.png"
    },
    {
      "id": 1013,
      "name": "Graciela Ruta",
      "countryId": 10,
      "countryCode": "cl",
      "company": "Buckley Miller & Wright",
      "date": "2016-07-25",
      "status": [5],
      "activity": 59,
      "representativeName": "Amy Elsner",
      "representativeImage": "amyelsner.png"
    },
    {
      "id": 1158,
      "name": "Gregoria Pawlowicz",
      "countryId": 19,
      "countryCode": "eg",
      "company": "Oh My Goodknits Inc",
      "date": "2020-02-20",
      "status": [4],
      "activity": 29,
      "representativeName": "Stephen Shaw",
      "representativeImage": "stephenshaw.png"
    },
    {
      "id": 1124,
      "name": "Herman Demesa",
      "countryId": 45,
      "countryCode": "py",
      "company": "Merlin Electric Co",
      "date": "2019-05-23",
      "status": [1],
      "activity": 10,
      "representativeName": "Asiya Javayant",
      "representativeImage": "asiyajavayant.png"
    },
    {
      "id": 1185,
      "name": "Hillary Skulski",
      "countryId": 22,
      "countryCode": "fr",
      "company": "Replica I",
      "date": "2016-03-25",
      "status": [0],
      "activity": 82,
      "representativeName": "Bernardo Dominic",
      "representativeImage": "bernardodominic.png"
    },
    {
      "id": 1131,
      "name": "Howard Paulas",
      "countryId": 29,
      "countryCode": "id",
      "company": "Asendorf, J Alan Esq",
      "date": "2017-07-17",
      "status": [5],
      "activity": 22,
      "representativeName": "Ioni Bowcher",
      "representativeImage": "ionibowcher.png"
    },
    {
      "id": 1068,
      "name": "Ilene Eroman",
      "countryId": 41,
      "countryCode": "nl",
      "company": "Robinson, William J Esq",
      "date": "2019-06-08",
      "status": [3],
      "activity": 49,
      "representativeName": "Anna Fali",
      "representativeImage": "annafali.png"
    },
    {
      "id": 1171,
      "name": "Irma Wolfgramm",
      "countryId": 5,
      "countryCode": "be",
      "company": "Serendiquity Bed & Breakfast",
      "date": "2020-10-18",
      "status": [5],
      "activity": 70,
      "representativeName": "Stephen Shaw",
      "representativeImage": "stephenshaw.png"
    },
    {
      "id": 1061,
      "name": "Jamal Vanausdal",
      "countryId": 40,
      "countryCode": "ma",
      "company": "Hubbard, Bruce Esq",
      "date": "2017-05-25",
      "status": [1],
      "activity": 87,
      "representativeName": "Ioni Bowcher",
      "representativeImage": "ionibowcher.png"
    },
    {
      "id": 1000,
      "name": "James Butt",
      "countryId": 0,
      "countryCode": "dz",
      "company": "Benton, John B Jr",
      "date": "2015-09-13",
      "status": [0, 1],
      "activity": 17,
      "representativeName": "Ioni Bowcher",
      "representativeImage": "ionibowcher.png",
      "client": {
        "Key": 1,
        "Value": "Client Name"
      }
    },
    {
      "id": 1170,
      "name": "Jennifer Fallick",
      "countryId": 2,
      "countryCode": "au",
      "company": "Nagle, Daniel J Esq",
      "date": "2016-12-24",
      "status": [0],
      "activity": 88,
      "representativeName": "Bernardo Dominic",
      "representativeImage": "bernardodominic.png"
    },
    {
      "id": 1112,
      "name": "Jesusa Shin",
      "countryId": 66,
      "countryCode": "ua",
      "company": "Carroccio, A Thomas Esq",
      "date": "2017-04-06",
      "status": [4],
      "activity": 28,
      "representativeName": "Bernardo Dominic",
      "representativeImage": "bernardodominic.png"
    },
    {
      "id": 1190,
      "name": "Jettie Mconnell",
      "countryId": 17,
      "countryCode": "dk",
      "company": "Coldwell Bnkr Wright Real Est",
      "date": "2015-10-18",
      "status": [5],
      "activity": 74,
      "representativeName": "Ivan Magalhaes",
      "representativeImage": "ivanmagalhaes.png"
    },
    {
      "id": 1046,
      "name": "Jina Briddick",
      "countryId": 39,
      "countryCode": "mx",
      "company": "Grace Pastries Inc",
      "date": "2018-02-19",
      "status": [0],
      "activity": 97,
      "representativeName": "Xuxue Feng",
      "representativeImage": "xuxuefeng.png"
    },
    {
      "id": 1176,
      "name": "Joesph Degonia",
      "countryId": 54,
      "countryCode": "rs",
      "company": "A R Packaging",
      "date": "2020-04-23",
      "status": [4],
      "activity": 56,
      "representativeName": "Elwin Sharvill",
      "representativeImage": "elwinsharvill.png"
    },
    {
      "id": 1071,
      "name": "Johnetta Abdallah",
      "countryId": 41,
      "countryCode": "nl",
      "company": "Forging Specialties",
      "date": "2015-02-02",
      "status": [3],
      "activity": 16,
      "representativeName": "Elwin Sharvill",
      "representativeImage": "elwinsharvill.png"
    },
    {
      "id": 1199,
      "name": "Jolanda Hanafan",
      "countryId": 8,
      "countryCode": "cm",
      "company": "Perez, Joseph J Esq",
      "date": "2015-12-09",
      "status": [2],
      "activity": 27,
      "representativeName": "Ivan Magalhaes",
      "representativeImage": "ivanmagalhaes.png"
    },
    {
      "id": 1036,
      "name": "Jose Stockham",
      "countryId": 32,
      "countryCode": "it",
      "company": "Tri State Refueler Co",
      "date": "2018-04-25",
      "status": [2],
      "activity": 77,
      "representativeName": "Amy Elsner",
      "representativeImage": "amyelsner.png"
    },
    {
      "id": 1001,
      "name": "Josephine Darak",
      "countryId": 19,
      "countryCode": "eg",
      "company": "Chanay, Jeffrey A Esq",
      "date": "2019-02-09",
      "status": [1, 3, 2, 5],
      "activity": 0,
      "representativeName": "Amy Elsner",
      "representativeImage": "amyelsner.png"
    },
    {
      "id": 1182,
      "name": "Junita Brideau",
      "countryId": 29,
      "countryCode": "id",
      "company": "Leonards Antiques Inc",
      "date": "2015-03-15",
      "status": [1],
      "activity": 86,
      "representativeName": "Anna Fali",
      "representativeImage": "annafali.png"
    },
    {
      "id": 1070,
      "name": "Kallie Blackwood",
      "countryId": 28,
      "countryCode": "is",
      "company": "Rowley Schlimgen Inc",
      "date": "2017-04-05",
      "status": [0],
      "activity": 25,
      "representativeName": "Amy Elsner",
      "representativeImage": "amyelsner.png"
    },
    {
      "id": 1047,
      "name": "Kanisha Waycott",
      "countryId": 18,
      "countryCode": "ec",
      "company": "Schroer, Gene E Esq",
      "date": "2019-11-27",
      "status": [3],
      "activity": 80,
      "representativeName": "Xuxue Feng",
      "representativeImage": "xuxuefeng.png"
    },
    {
      "id": 1194,
      "name": "Karan Karpin",
      "countryId": 20,
      "countryCode": "ee",
      "company": "New England Taxidermy",
      "date": "2019-01-07",
      "status": [1],
      "activity": 4,
      "representativeName": "Stephen Shaw",
      "representativeImage": "stephenshaw.png"
    },
    {
      "id": 1054,
      "name": "Karl Klonowski",
      "countryId": 52,
      "countryCode": "sa",
      "company": "Rossi, Michael M",
      "date": "2017-04-17",
      "status": [0],
      "activity": 27,
      "representativeName": "Onyama Limba",
      "representativeImage": "onyamalimba.png"
    },
    {
      "id": 1039,
      "name": "Kati Rulapaugh",
      "countryId": 49,
      "countryCode": "pr",
      "company": "Eder Assocs Consltng Engrs Pc",
      "date": "2016-12-03",
      "status": [4],
      "activity": 51,
      "representativeName": "Ioni Bowcher",
      "representativeImage": "ionibowcher.png"
    },
    {
      "id": 1164,
      "name": "Kerry Theodorov",
      "countryId": 51,
      "countryCode": "ro",
      "company": "Capitol Reporters",
      "date": "2016-11-05",
      "status": [0],
      "activity": 76,
      "representativeName": "Amy Elsner",
      "representativeImage": "amyelsner.png"
    },
    {
      "id": 1012,
      "name": "Kiley Caldarera",
      "countryId": 54,
      "countryCode": "rs",
      "company": "Feiner Bros",
      "date": "2015-10-20",
      "status": [0],
      "activity": 80,
      "representativeName": "Onyama Limba",
      "representativeImage": "onyamalimba.png"
    },
    {
      "id": 1132,
      "name": "Kimbery Madarang",
      "countryId": 53,
      "countryCode": "sn",
      "company": "Silberman, Arthur L Esq",
      "date": "2018-08-19",
      "status": [5],
      "activity": 63,
      "representativeName": "Onyama Limba",
      "representativeImage": "onyamalimba.png"
    },
    {
      "id": 1009,
      "name": "Kris Marrier",
      "countryId": 39,
      "countryCode": "mx",
      "company": "King, Christopher A Esq",
      "date": "2015-07-07",
      "status": [1],
      "activity": 3,
      "representativeName": "Onyama Limba",
      "representativeImage": "onyamalimba.png"
    },
    {
      "id": 1087,
      "name": "Lai Gato",
      "countryId": 42,
      "countryCode": "ng",
      "company": "Fligg, Kenneth I Jr",
      "date": "2016-07-26",
      "status": [0],
      "activity": 64,
      "representativeName": "Onyama Limba",
      "representativeImage": "onyamalimba.png"
    },
    {
      "id": 1162,
      "name": "Larae Gudroe",
      "countryId": 57,
      "countryCode": "si",
      "company": "Lehigh Furn Divsn Lehigh",
      "date": "2015-11-28",
      "status": [0],
      "activity": 13,
      "representativeName": "Ioni Bowcher",
      "representativeImage": "ionibowcher.png"
    },
    {
      "id": 1150,
      "name": "Laticia Merced",
      "countryId": 7,
      "countryCode": "bf",
      "company": "Alinabal Inc",
      "date": "2017-03-04",
      "status": [0],
      "activity": 21,
      "representativeName": "Ivan Magalhaes",
      "representativeImage": "ivanmagalhaes.png"
    },
    {
      "id": 1163,
      "name": "Latrice Tolfree",
      "countryId": 34,
      "countryCode": "jm",
      "company": "United Van Lines Agent",
      "date": "2018-11-11",
      "status": [4],
      "activity": 73,
      "representativeName": "Ioni Bowcher",
      "representativeImage": "ionibowcher.png"
    },
    {
      "id": 1076,
      "name": "Laurel Reitler",
      "countryId": 67,
      "countryCode": "gb",
      "company": "Q A Service",
      "date": "2015-04-02",
      "status": [5],
      "activity": 80,
      "representativeName": "Amy Elsner",
      "representativeImage": "amyelsner.png"
    },
    {
      "id": 1043,
      "name": "Lavera Perin",
      "countryId": 71,
      "countryCode": "vn",
      "company": "Abc Enterprises Inc",
      "date": "2018-04-10",
      "status": [2],
      "activity": 71,
      "representativeName": "Stephen Shaw",
      "representativeImage": "stephenshaw.png"
    },
    {
      "id": 1175,
      "name": "Layla Springe",
      "countryId": 58,
      "countryCode": "za",
      "company": "Chadds Ford Winery",
      "date": "2019-07-27",
      "status": [0],
      "activity": 97,
      "representativeName": "Ioni Bowcher",
      "representativeImage": "ionibowcher.png"
    },
    {
      "id": 1138,
      "name": "Leatha Hagele",
      "countryId": 66,
      "countryCode": "ua",
      "company": "Ninas Indian Grs & Videos",
      "date": "2019-03-27",
      "status": [0],
      "activity": 67,
      "representativeName": "Stephen Shaw",
      "representativeImage": "stephenshaw.png"
    },
    {
      "id": 1191,
      "name": "Lemuel Latzke",
      "countryId": 12,
      "countryCode": "co",
      "company": "Computer Repair Service",
      "date": "2016-02-13",
      "status": [1],
      "activity": 79,
      "representativeName": "Stephen Shaw",
      "representativeImage": "stephenshaw.png"
    },
    {
      "id": 1003,
      "name": "Lenna Paprocki",
      "countryId": 57,
      "countryCode": "si",
      "company": "Feltz Printing Service",
      "date": "2020-09-15",
      "status": [3],
      "activity": 37,
      "representativeName": "Xuxue Feng",
      "representativeImage": "xuxuefeng.png",
      "client": "Client Name"
    },
    {
      "id": 1007,
      "name": "Leota Dilliard",
      "countryId": 54,
      "countryCode": "rs",
      "company": "Commercial Press",
      "date": "2019-08-13",
      "status": [4],
      "activity": 69,
      "representativeName": "Onyama Limba",
      "representativeImage": "onyamalimba.png"
    },
    {
      "id": 1084,
      "name": "Lettie Isenhower",
      "countryId": 9,
      "countryCode": "ca",
      "company": "Conte, Christopher A Esq",
      "date": "2016-03-01",
      "status": [2],
      "activity": 83,
      "representativeName": "Bernardo Dominic",
      "representativeImage": "bernardodominic.png"
    },
    {
      "id": 1152,
      "name": "Lezlie Craghead",
      "countryId": 44,
      "countryCode": "pa",
      "company": "Chang, Carolyn Esq",
      "date": "2019-05-28",
      "status": [4],
      "activity": 30,
      "representativeName": "Xuxue Feng",
      "representativeImage": "xuxuefeng.png"
    },
    {
      "id": 1122,
      "name": "Lindsey Dilello",
      "countryId": 3,
      "countryCode": "at",
      "company": "Biltmore Investors Bank",
      "date": "2017-07-18",
      "status": [4],
      "activity": 65,
      "representativeName": "Amy Elsner",
      "representativeImage": "amyelsner.png"
    },
    {
      "id": 1098,
      "name": "Lisha Centini",
      "countryId": 41,
      "countryCode": "nl",
      "company": "Industrial Paper Shredders Inc",
      "date": "2018-07-05",
      "status": [3],
      "activity": 7,
      "representativeName": "Ioni Bowcher",
      "representativeImage": "ionibowcher.png"
    },
    {
      "id": 1157,
      "name": "Lizette Stem",
      "countryId": 56,
      "countryCode": "sk",
      "company": "Edward S Katz",
      "date": "2018-08-06",
      "status": [3],
      "activity": 67,
      "representativeName": "Stephen Shaw",
      "representativeImage": "stephenshaw.png"
    },
    {
      "id": 1051,
      "name": "Lorrie Nestle",
      "countryId": 23,
      "countryCode": "de",
      "company": "Ballard Spahr Andrews",
      "date": "2018-04-26",
      "status": [4],
      "activity": 36,
      "representativeName": "Anna Fali",
      "representativeImage": "annafali.png"
    },
    {
      "id": 1101,
      "name": "Louisa Cronauer",
      "countryId": 13,
      "countryCode": "cr",
      "company": "Pacific Grove Museum Ntrl Hist",
      "date": "2018-09-23",
      "status": [2],
      "activity": 3,
      "representativeName": "Anna Fali",
      "representativeImage": "annafali.png"
    },
    {
      "id": 1128,
      "name": "Lucina Lary",
      "countryId": 61,
      "countryCode": "ch",
      "company": "Matricciani, Albert J Jr",
      "date": "2019-11-20",
      "status": [5],
      "activity": 11,
      "representativeName": "Xuxue Feng",
      "representativeImage": "xuxuefeng.png"
    },
    {
      "id": 1096,
      "name": "Malinda Hochard",
      "countryId": 54,
      "countryCode": "rs",
      "company": "Logan Memorial Hospital",
      "date": "2016-07-06",
      "status": [3],
      "activity": 88,
      "representativeName": "Asiya Javayant",
      "representativeImage": "asiyajavayant.png"
    },
    {
      "id": 1180,
      "name": "Marguerita Hiatt",
      "countryId": 67,
      "countryCode": "gb",
      "company": "Haber, George D Md",
      "date": "2018-10-25",
      "status": [2],
      "activity": 72,
      "representativeName": "Anna Fali",
      "representativeImage": "annafali.png"
    },
    {
      "id": 1053,
      "name": "Marjory Mastella",
      "countryId": 41,
      "countryCode": "nl",
      "company": "Vicon Corporation",
      "date": "2018-01-24",
      "status": [5],
      "activity": 89,
      "representativeName": "Anna Fali",
      "representativeImage": "annafali.png"
    },
    {
      "id": 1136,
      "name": "Marti Maybury",
      "countryId": 63,
      "countryCode": "th",
      "company": "Eldridge, Kristin K Esq",
      "date": "2016-02-05",
      "status": [0],
      "activity": 3,
      "representativeName": "Bernardo Dominic",
      "representativeImage": "bernardodominic.png"
    },
    {
      "id": 1023,
      "name": "Maryann Royster",
      "countryId": 4,
      "countryCode": "by",
      "company": "Franklin, Peter L Esq",
      "date": "2017-03-11",
      "status": [2],
      "activity": 56,
      "representativeName": "Elwin Sharvill",
      "representativeImage": "elwinsharvill.png"
    },
    {
      "id": 1015,
      "name": "Mattie Poquette",
      "countryId": 70,
      "countryCode": "ve",
      "company": "Century Communications",
      "date": "2017-12-12",
      "status": [5],
      "activity": 52,
      "representativeName": "Anna Fali",
      "representativeImage": "annafali.png"
    },
    {
      "id": 1064,
      "name": "Maurine Yglesias",
      "countryId": 62,
      "countryCode": "tw",
      "company": "Schultz, Thomas C Md",
      "date": "2015-08-10",
      "status": [4],
      "activity": 94,
      "representativeName": "Ioni Bowcher",
      "representativeImage": "ionibowcher.png"
    },
    {
      "id": 1016,
      "name": "Meaghan Garufi",
      "countryId": 38,
      "countryCode": "my",
      "company": "Bolton, Wilbur Esq",
      "date": "2018-07-04",
      "status": [0],
      "activity": 31,
      "representativeName": "Ivan Magalhaes",
      "representativeImage": "ivanmagalhaes.png"
    },
    {
      "id": 1140,
      "name": "Melissa Wiklund",
      "countryId": 35,
      "countryCode": "jp",
      "company": "Moapa Valley Federal Credit Un",
      "date": "2018-03-20",
      "status": [2],
      "activity": 8,
      "representativeName": "Onyama Limba",
      "representativeImage": "onyamalimba.png"
    },
    {
      "id": 1192,
      "name": "Melodie Knipp",
      "countryId": 21,
      "countryCode": "fi",
      "company": "Fleetwood Building Block Inc",
      "date": "2018-03-08",
      "status": [5],
      "activity": 19,
      "representativeName": "Asiya Javayant",
      "representativeImage": "asiyajavayant.png"
    },
    {
      "id": 1186,
      "name": "Merilyn Bayless",
      "countryId": 34,
      "countryCode": "jm",
      "company": "20 20 Printing Inc",
      "date": "2020-10-13",
      "status": [0],
      "activity": 13,
      "representativeName": "Ivan Magalhaes",
      "representativeImage": "ivanmagalhaes.png"
    },
    {
      "id": 1188,
      "name": "Merlyn Lawler",
      "countryId": 23,
      "countryCode": "de",
      "company": "Nischwitz, Jeffrey L Esq",
      "date": "2016-02-26",
      "status": [4],
      "activity": 45,
      "representativeName": "Ivan Magalhaes",
      "representativeImage": "ivanmagalhaes.png"
    },
    {
      "id": 1073,
      "name": "Micaela Rhymes",
      "countryId": 22,
      "countryCode": "fr",
      "company": "H Lee Leonard Attorney At Law",
      "date": "2018-09-08",
      "status": [4],
      "activity": 92,
      "representativeName": "Asiya Javayant",
      "representativeImage": "asiyajavayant.png"
    },
    {
      "id": 1010,
      "name": "Minna Amigon",
      "countryId": 51,
      "countryCode": "ro",
      "company": "Dorl, James J Esq",
      "date": "2018-11-07",
      "status": [2],
      "activity": 38,
      "representativeName": "Anna Fali",
      "representativeImage": "annafali.png"
    },
    {
      "id": 1006,
      "name": "Mitsue Tollner",
      "countryId": 45,
      "countryCode": "py",
      "company": "Morlong Associates",
      "date": "2018-02-19",
      "status": [4],
      "activity": 54,
      "representativeName": "Ivan Magalhaes",
      "representativeImage": "ivanmagalhaes.png"
    },
    {
      "id": 1075,
      "name": "Moon Parlato",
      "countryId": 16,
      "countryCode": "cz",
      "company": "Ambelang, Jessica M Md",
      "date": "2019-08-18",
      "status": [4],
      "activity": 64,
      "representativeName": "Onyama Limba",
      "representativeImage": "onyamalimba.png"
    },
    {
      "id": 1085,
      "name": "Myra Munns",
      "countryId": 37,
      "countryCode": "lt",
      "company": "Anker Law Office",
      "date": "2016-05-21",
      "status": [0],
      "activity": 49,
      "representativeName": "Elwin Sharvill",
      "representativeImage": "elwinsharvill.png"
    },
    {
      "id": 1174,
      "name": "Nana Wrinkles",
      "countryId": 3,
      "countryCode": "at",
      "company": "Ray, Milbern D",
      "date": "2017-04-11",
      "status": [4],
      "activity": 98,
      "representativeName": "Asiya Javayant",
      "representativeImage": "asiyajavayant.png"
    },
    {
      "id": 1097,
      "name": "Natalie Fern",
      "countryId": 9,
      "countryCode": "ca",
      "company": "Kelly, Charles G Esq",
      "date": "2019-10-02",
      "status": [1],
      "activity": 44,
      "representativeName": "Amy Elsner",
      "representativeImage": "amyelsner.png"
    },
    {
      "id": 1179,
      "name": "Nelida Sawchuk",
      "countryId": 58,
      "countryCode": "za",
      "company": "Anchorage Museum Of Hist & Art",
      "date": "2018-06-22",
      "status": [2],
      "activity": 58,
      "representativeName": "Onyama Limba",
      "representativeImage": "onyamalimba.png"
    },
    {
      "id": 1137,
      "name": "Nieves Gotter",
      "countryId": 36,
      "countryCode": "lv",
      "company": "Vlahos, John J Esq",
      "date": "2017-03-12",
      "status": [1],
      "activity": 3,
      "representativeName": "Elwin Sharvill",
      "representativeImage": "elwinsharvill.png"
    },
    {
      "id": 1168,
      "name": "Novella Degroot",
      "countryId": 57,
      "countryCode": "si",
      "company": "Evans, C Kelly Esq",
      "date": "2017-12-19",
      "status": [0],
      "activity": 30,
      "representativeName": "Amy Elsner",
      "representativeImage": "amyelsner.png"
    },
    {
      "id": 1119,
      "name": "Oretha Menter",
      "countryId": 44,
      "countryCode": "pa",
      "company": "Custom Engineering Inc",
      "date": "2017-09-11",
      "status": [4],
      "activity": 8,
      "representativeName": "Elwin Sharvill",
      "representativeImage": "elwinsharvill.png"
    },
    {
      "id": 1153,
      "name": "Ozell Shealy",
      "countryId": 43,
      "countryCode": "pk",
      "company": "Silver Bros Inc",
      "date": "2016-08-19",
      "status": [1],
      "activity": 14,
      "representativeName": "Bernardo Dominic",
      "representativeImage": "bernardodominic.png"
    },
    {
      "id": 1114,
      "name": "Pamella Schmierer",
      "countryId": 5,
      "countryCode": "be",
      "company": "K Cs Cstm Mouldings Windows",
      "date": "2016-09-22",
      "status": [0],
      "activity": 34,
      "representativeName": "Ioni Bowcher",
      "representativeImage": "ionibowcher.png"
    },
    {
      "id": 1066,
      "name": "Penney Weight",
      "countryId": 58,
      "countryCode": "za",
      "company": "Hawaiian King Hotel",
      "date": "2020-03-03",
      "status": [2],
      "activity": 96,
      "representativeName": "Amy Elsner",
      "representativeImage": "amyelsner.png"
    },
    {
      "id": 1155,
      "name": "Reita Leto",
      "countryId": 5,
      "countryCode": "be",
      "company": "Creative Business Systems",
      "date": "2020-04-03",
      "status": [0],
      "activity": 58,
      "representativeName": "Ioni Bowcher",
      "representativeImage": "ionibowcher.png"
    },
    {
      "id": 1130,
      "name": "Rolande Spickerman",
      "countryId": 44,
      "countryCode": "pa",
      "company": "Neland Travel Agency",
      "date": "2016-07-11",
      "status": [4],
      "activity": 84,
      "representativeName": "Bernardo Dominic",
      "representativeImage": "bernardodominic.png"
    },
    {
      "id": 1113,
      "name": "Rolland Francescon",
      "countryId": 67,
      "countryCode": "gb",
      "company": "Stanley, Richard L Esq",
      "date": "2019-02-03",
      "status": [2],
      "activity": 45,
      "representativeName": "Onyama Limba",
      "representativeImage": "onyamalimba.png"
    },
    {
      "id": 1125,
      "name": "Rory Papasergi",
      "countryId": 19,
      "countryCode": "eg",
      "company": "Bailey Cntl Co Div Babcock",
      "date": "2019-03-02",
      "status": [2],
      "activity": 22,
      "representativeName": "Anna Fali",
      "representativeImage": "annafali.png"
    },
    {
      "id": 1104,
      "name": "Rosio Cork",
      "countryId": 55,
      "countryCode": "sg",
      "company": "Green Goddess",
      "date": "2017-08-19",
      "status": [5],
      "activity": 19,
      "representativeName": "Asiya Javayant",
      "representativeImage": "asiyajavayant.png"
    },
    {
      "id": 1042,
      "name": "Roxane Campain",
      "countryId": 22,
      "countryCode": "fr",
      "company": "Rapid Trading Intl",
      "date": "2018-12-25",
      "status": [0],
      "activity": 100,
      "representativeName": "Anna Fali",
      "representativeImage": "annafali.png"
    },
    {
      "id": 1037,
      "name": "Rozella Ostrosky",
      "countryId": 70,
      "countryCode": "ve",
      "company": "Parkway Company",
      "date": "2016-02-27",
      "status": [0],
      "activity": 66,
      "representativeName": "Amy Elsner",
      "representativeImage": "amyelsner.png"
    },
    {
      "id": 1052,
      "name": "Sabra Uyetake",
      "countryId": 46,
      "countryCode": "pe",
      "company": "Lowy Limousine Service",
      "date": "2018-04-12",
      "status": [3],
      "activity": 31,
      "representativeName": "Amy Elsner",
      "representativeImage": "amyelsner.png"
    },
    {
      "id": 1008,
      "name": "Sage Wieser",
      "countryId": 19,
      "countryCode": "eg",
      "company": "Truhlar And Truhlar Attys",
      "date": "2018-11-21",
      "status": [0],
      "activity": 76,
      "representativeName": "Ivan Magalhaes",
      "representativeImage": "ivanmagalhaes.png"
    },
    {
      "id": 1118,
      "name": "Scarlet Cartan",
      "countryId": 44,
      "countryCode": "pa",
      "company": "Box, J Calvin Esq",
      "date": "2018-09-13",
      "status": [4],
      "activity": 1,
      "representativeName": "Xuxue Feng",
      "representativeImage": "xuxuefeng.png"
    },
    {
      "id": 1116,
      "name": "Shawna Palaspas",
      "countryId": 20,
      "countryCode": "ee",
      "company": "Windsor, James L Esq",
      "date": "2017-06-25",
      "status": [0],
      "activity": 69,
      "representativeName": "Bernardo Dominic",
      "representativeImage": "bernardodominic.png"
    },
    {
      "id": 1057,
      "name": "Shenika Seewald",
      "countryId": 2,
      "countryCode": "au",
      "company": "East Coast Marketing",
      "date": "2017-02-18",
      "status": [4],
      "activity": 39,
      "representativeName": "Xuxue Feng",
      "representativeImage": "xuxuefeng.png"
    },
    {
      "id": 1141,
      "name": "Sheridan Zane",
      "countryId": 14,
      "countryCode": "hr",
      "company": "Kentucky Tennessee Clay Co",
      "date": "2016-02-15",
      "status": [2],
      "activity": 17,
      "representativeName": "Bernardo Dominic",
      "representativeImage": "bernardodominic.png"
    },
    {
      "id": 1005,
      "name": "Simona Morasca",
      "countryId": 19,
      "countryCode": "eg",
      "company": "Chapman, Ross E Esq",
      "date": "2018-02-16",
      "status": [2],
      "activity": 68,
      "representativeName": "Ivan Magalhaes",
      "representativeImage": "ivanmagalhaes.png",
      "client": "Client Name"
    },
    {
      "id": 1035,
      "name": "Solange Shinko",
      "countryId": 8,
      "countryCode": "cm",
      "company": "Mosocco, Ronald A",
      "date": "2015-02-12",
      "status": [2],
      "activity": 32,
      "representativeName": "Onyama Limba",
      "representativeImage": "onyamalimba.png"
    },
    {
      "id": 1086,
      "name": "Stephaine Barfield",
      "countryId": 5,
      "countryCode": "be",
      "company": "Beutelschies & Company",
      "date": "2016-01-22",
      "status": [3],
      "activity": 34,
      "representativeName": "Anna Fali",
      "representativeImage": "annafali.png"
    },
    {
      "id": 1178,
      "name": "Stephaine Vinning",
      "countryId": 2,
      "countryCode": "au",
      "company": "Birite Foodservice Distr",
      "date": "2016-05-14",
      "status": [5],
      "activity": 43,
      "representativeName": "Xuxue Feng",
      "representativeImage": "xuxuefeng.png"
    },
    {
      "id": 1088,
      "name": "Stephen Emigh",
      "countryId": 15,
      "countryCode": "cu",
      "company": "Sharp, J Daniel Esq",
      "date": "2020-07-24",
      "status": [4],
      "activity": 51,
      "representativeName": "Elwin Sharvill",
      "representativeImage": "elwinsharvill.png"
    },
    {
      "id": 1111,
      "name": "Sue Kownacki",
      "countryId": 34,
      "countryCode": "jm",
      "company": "Juno Chefs Incorporated",
      "date": "2017-03-17",
      "status": [1],
      "activity": 31,
      "representativeName": "Onyama Limba",
      "representativeImage": "onyamalimba.png"
    },
    {
      "id": 1173,
      "name": "Sylvia Cousey",
      "countryId": 30,
      "countryCode": "ie",
      "company": "Berg, Charles E",
      "date": "2018-06-10",
      "status": [0],
      "activity": 91,
      "representativeName": "Ioni Bowcher",
      "representativeImage": "ionibowcher.png"
    },
    {
      "id": 1126,
      "name": "Talia Riopelle",
      "countryId": 25,
      "countryCode": "gt",
      "company": "Ford Brothers Wholesale Inc",
      "date": "2017-02-18",
      "status": [3],
      "activity": 69,
      "representativeName": "Elwin Sharvill",
      "representativeImage": "elwinsharvill.png"
    },
    {
      "id": 1074,
      "name": "Tamar Hoogland",
      "countryId": 25,
      "countryCode": "gt",
      "company": "A K Construction Co",
      "date": "2018-11-13",
      "status": [1],
      "activity": 22,
      "representativeName": "Asiya Javayant",
      "representativeImage": "asiyajavayant.png"
    },
    {
      "id": 1090,
      "name": "Tammara Wardrip",
      "countryId": 52,
      "countryCode": "sa",
      "company": "Jewel My Shop Inc",
      "date": "2016-06-05",
      "status": [4],
      "activity": 64,
      "representativeName": "Xuxue Feng",
      "representativeImage": "xuxuefeng.png"
    },
    {
      "id": 1065,
      "name": "Tawna Buvens",
      "countryId": 29,
      "countryCode": "id",
      "company": "H H H Enterprises Inc",
      "date": "2018-03-20",
      "status": [3],
      "activity": 25,
      "representativeName": "Amy Elsner",
      "representativeImage": "amyelsner.png"
    },
    {
      "id": 1187,
      "name": "Teri Ennaco",
      "countryId": 43,
      "countryCode": "pk",
      "company": "Publishers Group West",
      "date": "2019-12-21",
      "status": [0],
      "activity": 57,
      "representativeName": "Bernardo Dominic",
      "representativeImage": "bernardodominic.png"
    },
    {
      "id": 1148,
      "name": "Theola Frey",
      "countryId": 71,
      "countryCode": "vn",
      "company": "Woodbridge Free Public Library",
      "date": "2020-03-14",
      "status": [0],
      "activity": 44,
      "representativeName": "Ioni Bowcher",
      "representativeImage": "ionibowcher.png"
    },
    {
      "id": 1133,
      "name": "Thurman Manno",
      "countryId": 12,
      "countryCode": "co",
      "company": "Honey Bee Breeding Genetics &",
      "date": "2016-05-02",
      "status": [2],
      "activity": 47,
      "representativeName": "Ivan Magalhaes",
      "representativeImage": "ivanmagalhaes.png"
    },
    {
      "id": 1109,
      "name": "Tiffiny Steffensmeier",
      "countryId": 43,
      "countryCode": "pk",
      "company": "Whitehall Robbins Labs Divsn",
      "date": "2018-03-11",
      "status": [3],
      "activity": 81,
      "representativeName": "Ivan Magalhaes",
      "representativeImage": "ivanmagalhaes.png"
    },
    {
      "id": 1081,
      "name": "Timothy Mulqueen",
      "countryId": 41,
      "countryCode": "nl",
      "company": "Saronix Nymph Products",
      "date": "2018-07-09",
      "status": [4],
      "activity": 77,
      "representativeName": "Asiya Javayant",
      "representativeImage": "asiyajavayant.png"
    },
    {
      "id": 1055,
      "name": "Tonette Wenner",
      "countryId": 2,
      "countryCode": "au",
      "company": "Northwest Publishing",
      "date": "2019-04-14",
      "status": [2],
      "activity": 27,
      "representativeName": "Elwin Sharvill",
      "representativeImage": "elwinsharvill.png"
    },
    {
      "id": 1106,
      "name": "Twana Felger",
      "countryId": 14,
      "countryCode": "hr",
      "company": "Opryland Hotel",
      "date": "2016-11-18",
      "status": [5],
      "activity": 97,
      "representativeName": "Ioni Bowcher",
      "representativeImage": "ionibowcher.png"
    },
    {
      "id": 1120,
      "name": "Ty Smith",
      "countryId": 68,
      "countryCode": "us",
      "company": "Bresler Eitel Framg Gllry Ltd",
      "date": "2019-07-06",
      "status": [0],
      "activity": 50,
      "representativeName": "Anna Fali",
      "representativeImage": "annafali.png"
    },
    {
      "id": 1089,
      "name": "Tyra Shields",
      "countryId": 26,
      "countryCode": "hn",
      "company": "Assink, Anne H Esq",
      "date": "2019-11-10",
      "status": [5],
      "activity": 11,
      "representativeName": "Anna Fali",
      "representativeImage": "annafali.png"
    },
    {
      "id": 1139,
      "name": "Valentin Klimek",
      "countryId": 33,
      "countryCode": "ci",
      "company": "Schmid, Gayanne K Esq",
      "date": "2019-08-06",
      "status": [0],
      "activity": 14,
      "representativeName": "Ivan Magalhaes",
      "representativeImage": "ivanmagalhaes.png"
    },
    {
      "id": 1038,
      "name": "Valentine Gillian",
      "countryId": 45,
      "countryCode": "py",
      "company": "Fbs Business Finance",
      "date": "2019-09-17",
      "status": [2],
      "activity": 25,
      "representativeName": "Bernardo Dominic",
      "representativeImage": "bernardodominic.png"
    },
    {
      "id": 1069,
      "name": "Vallie Mondella",
      "countryId": 36,
      "countryCode": "lv",
      "company": "Private Properties",
      "date": "2018-12-06",
      "status": [3],
      "activity": 16,
      "representativeName": "Ivan Magalhaes",
      "representativeImage": "ivanmagalhaes.png"
    },
    {
      "id": 1127,
      "name": "Van Shire",
      "countryId": 41,
      "countryCode": "nl",
      "company": "Cambridge Inn",
      "date": "2020-05-12",
      "status": [3],
      "activity": 4,
      "representativeName": "Ioni Bowcher",
      "representativeImage": "ionibowcher.png"
    },
    {
      "id": 1021,
      "name": "Veronika Inouye",
      "countryId": 18,
      "countryCode": "ec",
      "company": "C 4 Network Inc",
      "date": "2017-03-24",
      "status": [4],
      "activity": 72,
      "representativeName": "Ioni Bowcher",
      "representativeImage": "ionibowcher.png"
    },
    {
      "id": 1078,
      "name": "Viva Toelkes",
      "countryId": 68,
      "countryCode": "us",
      "company": "Mark Iv Press Ltd",
      "date": "2017-03-27",
      "status": [2],
      "activity": 16,
      "representativeName": "Stephen Shaw",
      "representativeImage": "stephenshaw.png"
    },
    {
      "id": 1093,
      "name": "Wilda Giguere",
      "countryId": 28,
      "countryCode": "is",
      "company": "Mclaughlin, Luther W Cpa",
      "date": "2017-06-16",
      "status": [3],
      "activity": 79,
      "representativeName": "Asiya Javayant",
      "representativeImage": "asiyajavayant.png"
    },
    {
      "id": 1022,
      "name": "Willard Kolmetz",
      "countryId": 64,
      "countryCode": "tn",
      "company": "Ingalls, Donald R Esq",
      "date": "2017-04-15",
      "status": [4],
      "activity": 94,
      "representativeName": "Asiya Javayant",
      "representativeImage": "asiyajavayant.png"
    },
    {
      "id": 1028,
      "name": "Willow Kusko",
      "countryId": 51,
      "countryCode": "ro",
      "company": "U Pull It",
      "date": "2020-04-11",
      "status": [2],
      "activity": 7,
      "representativeName": "Onyama Limba",
      "representativeImage": "onyamalimba.png"
    },
    {
      "id": 1121,
      "name": "Xuan Rochin",
      "countryId": 12,
      "countryCode": "co",
      "company": "Carol, Drake Sparks Esq",
      "date": "2018-05-22",
      "status": [1],
      "activity": 77,
      "representativeName": "Amy Elsner",
      "representativeImage": "amyelsner.png"
    },
    {
      "id": 1156,
      "name": "Yolando Luczki",
      "countryId": 22,
      "countryCode": "fr",
      "company": "Dal Tile Corporation",
      "date": "2015-01-27",
      "status": [4],
      "activity": 78,
      "representativeName": "Ioni Bowcher",
      "representativeImage": "ionibowcher.png"
    },
    {
      "id": 1040,
      "name": "Youlanda Schemmer",
      "countryId": 6,
      "countryCode": "bo",
      "company": "Tri M Tool Inc",
      "date": "2017-12-15",
      "status": [5],
      "activity": 49,
      "representativeName": "Xuxue Feng",
      "representativeImage": "xuxuefeng.png"
    },
    {
      "id": 1018,
      "name": "Yuki Whobrey",
      "countryId": 31,
      "countryCode": "il",
      "company": "Farmers Insurance Group",
      "date": "2017-12-21",
      "status": [5],
      "activity": 16,
      "representativeName": "Bernardo Dominic",
      "representativeImage": "bernardodominic.png"
    }
  ]
}
